{"resources":["assets/sounds/effects.mp3"],"spritemap":{"arrow_to_ground":{"start":0,"end":0.809795918367347,"loop":false},"bow_draw":{"start":2,"end":3.541224489795918,"loop":false},"bow_shot":{"start":5,"end":5.914285714285715,"loop":false},"button_click":{"start":7,"end":7.547528344671202,"loop":false},"clap":{"start":9,"end":11.909569160997732,"loop":false},"daily_reward":{"start":13,"end":13.914285714285715,"loop":false},"draw":{"start":15,"end":16.044897959183672,"loop":false},"game_over_scene":{"start":18,"end":21.99673469387755,"loop":false},"hit_marker":{"start":23,"end":23.57469387755102,"loop":false},"lose":{"start":25,"end":27.481632653061226,"loop":false},"popup_off":{"start":29,"end":29.914285714285715,"loop":false},"popup_show":{"start":31,"end":31.339591836734694,"loop":false},"wait_opponent":{"start":33,"end":34.35836734693878,"loop":false},"win":{"start":36,"end":39.631020408163266,"loop":false}}}